Muestas,Series,Be-mean,y(k),n in box,Box,Slope,y-intercept,Slope,y-intercept,yn(k),[y(k)-yn(k)]^2,,n in box,Log(n),LogF(n),nb of boxes,,,,
1,1.113,-0.037,-0.037,1,1,-0.015,-0.021,-0.015,-0.021,-0.036,3.39E-07,,10,1.000,-1.791,73,,,,
2,1.14,-0.010,-0.046,2,1,,,-0.015,-0.021,-0.051,2.67E-05,,,,,,,,,
3,1.143,-0.007,-0.053,3,1,,,-0.015,-0.021,-0.066,1.94E-04,,10,1.000,-1.791,,11,,1,-0.037
4,1.12,-0.030,-0.082,4,1,,,-0.015,-0.021,-0.082,1.07E-07,,11,1.041,-1.719,,12,,2,-0.046
5,1.117,-0.033,-0.115,5,1,,,-0.015,-0.021,-0.097,3.09E-04,,12,1.079,-1.706,,13,,3,-0.053
6,1.14,-0.010,-0.124,6,1,,,-0.015,-0.021,-0.112,1.40E-04,,13,1.114,-1.605,,14,,4,-0.082
7,1.14,-0.010,-0.134,7,1,,,-0.015,-0.021,-0.127,3.69E-05,,15,1.176,-1.571,,15,,5,-0.115
8,1.15,0.000,-0.133,8,1,,,-0.015,-0.021,-0.143,9.37E-05,,16,1.204,-1.544,,16,,6,-0.124
9,1.127,-0.023,-0.156,9,1,,,-0.015,-0.021,-0.158,5.91E-06,,17,1.230,-1.580,,17,,7,-0.134
10,1.137,-0.013,-0.168,10,1,,,-0.015,-0.021,-0.173,2.69E-05,,19,1.279,-1.491,,18,,8,-0.133
11,1.133,-0.017,-0.185,1,2,-0.040,0.262,-0.040,0.262,-0.174,1.05E-04,,21,1.322,-1.452,,19,,9,-0.156
12,1.12,-0.030,-0.214,2,2,,,-0.040,0.262,-0.214,5.29E-09,,23,1.362,-1.418,,20,,10,-0.168
13,1.113,-0.037,-0.251,3,2,,,-0.040,0.262,-0.254,9.55E-06,,25,1.398,-1.358,,21,,,
14,1.107,-0.043,-0.293,4,2,,,-0.040,0.262,-0.293,6.48E-08,,27,1.431,-1.393,,22,,,
15,1.113,-0.037,-0.330,5,2,,,-0.040,0.262,-0.333,1.17E-05,,29,1.462,-1.330,,23,,,
16,1.113,-0.037,-0.366,6,2,,,-0.040,0.262,-0.373,4.33E-05,,32,1.505,-1.301,,24,,,
17,1.113,-0.037,-0.403,7,2,,,-0.040,0.262,-0.412,9.50E-05,,35,1.544,-1.291,,25,,,
18,1.1,-0.050,-0.452,8,2,,,-0.040,0.262,-0.452,8.26E-09,,38,1.580,-1.253,,26,,,
19,1.107,-0.043,-0.495,9,2,,,-0.040,0.262,-0.492,8.57E-06,,41,1.613,-1.254,,27,,,
20,1.103,-0.047,-0.541,10,2,,,-0.040,0.262,-0.531,9.53E-05,,45,1.653,-1.255,,28,,,
21,1.1,-0.050,-0.591,1,3,-0.037,0.168,-0.037,0.168,-0.609,3.58E-04,,49,1.690,-1.157,,29,,,
22,1.107,-0.043,-0.633,2,3,,,-0.037,0.168,-0.647,1.80E-04,,54,1.732,-1.095,,30,,,
23,1.107,-0.043,-0.676,3,3,,,-0.037,0.168,-0.684,6.28E-05,,59,1.771,-1.139,,31,,,
24,1.097,-0.053,-0.728,4,3,,,-0.037,0.168,-0.721,5.72E-05,,64,1.806,-1.036,,32,,,
25,1.103,-0.047,-0.775,5,3,,,-0.037,0.168,-0.758,2.91E-04,,70,1.845,-1.023,,33,,,
26,1.107,-0.043,-0.817,6,3,,,-0.037,0.168,-0.795,5.08E-04,,76,1.881,-0.999,,34,,,
27,1.1,-0.050,-0.867,7,3,,,-0.037,0.168,-0.832,1.23E-03,,83,1.919,-0.899,,35,,,
28,1.137,-0.013,-0.879,8,3,,,-0.037,0.168,-0.869,1.11E-04,,91,1.959,-0.896,,36,,,
29,1.137,-0.013,-0.892,9,3,,,-0.037,0.168,-0.906,1.95E-04,,99,1.996,-0.792,,37,,,
30,1.137,-0.013,-0.904,10,3,,,-0.037,0.168,-0.943,1.48E-03,,108,2.033,-0.836,,38,,,
31,1.137,-0.013,-0.917,1,4,-0.038,0.288,-0.038,0.288,-0.905,1.35E-04,,117,2.068,-0.839,,39,,,
32,1.127,-0.023,-0.939,2,4,,,-0.038,0.288,-0.943,1.87E-05,,128,2.107,-0.798,,40,,,
33,1.11,-0.040,-0.979,3,4,,,-0.038,0.288,-0.982,1.08E-05,,140,2.146,-0.764,,41,,,
34,1.107,-0.043,-1.021,4,4,,,-0.038,0.288,-1.020,5.56E-07,,152,2.182,-0.755,,42,,,
35,1.11,-0.040,-1.061,5,4,,,-0.038,0.288,-1.059,3.17E-06,,166,2.220,-0.759,,43,,,
36,1.123,-0.027,-1.087,6,4,,,-0.038,0.288,-1.097,1.04E-04,,181,2.258,-0.770,,44,,,
37,1.113,-0.037,-1.124,7,4,,,-0.038,0.288,-1.136,1.48E-04,,,,,,,,,
38,1.097,-0.053,-1.176,8,4,,,-0.038,0.288,-1.174,3.58E-06,,,,,,,,,
39,1.1,-0.050,-1.226,9,4,,,-0.038,0.288,-1.213,1.67E-04,,,,,,,,,
40,1.123,-0.027,-1.252,10,4,,,-0.038,0.288,-1.251,9.29E-07,,,,,,,,,
41,1.14,-0.010,-1.262,1,5,-0.023,-0.308,-0.023,-0.308,-1.257,2.07E-05,,,,,,,,,
42,1.133,-0.017,-1.278,2,5,,,-0.023,-0.308,-1.280,4.45E-06,,,,,,,,,
43,1.123,-0.027,-1.305,3,5,,,-0.023,-0.308,-1.303,1.53E-06,,,,,,,,,
44,1.12,-0.030,-1.334,4,5,,,-0.023,-0.308,-1.327,5.75E-05,,,,,,,,,
45,1.14,-0.010,-1.344,5,5,,,-0.023,-0.308,-1.350,3.69E-05,,,,,,,,,
46,1.133,-0.017,-1.360,6,5,,,-0.023,-0.308,-1.373,1.62E-04,,,,,,,,,
47,1.113,-0.037,-1.397,7,5,,,-0.023,-0.308,-1.396,3.82E-07,,,,,,,,,
48,1.123,-0.027,-1.423,8,5,,,-0.023,-0.308,-1.419,1.57E-05,,,,,,,,,
49,1.137,-0.013,-1.436,9,5,,,-0.023,-0.308,-1.442,4.48E-05,,,,,,,,,
50,1.11,-0.040,-1.475,10,5,,,-0.023,-0.308,-1.466,9.32E-05,,,,,,,,,
51,1.133,-0.017,-1.492,1,6,-0.014,-0.829,-0.014,-0.829,-1.527,1.24E-03,,,,,,,,,
52,1.12,-0.030,-1.521,2,6,,,-0.014,-0.829,-1.541,3.75E-04,,,,,,,,,
53,1.113,-0.037,-1.558,3,6,,,-0.014,-0.829,-1.554,1.19E-05,,,,,,,,,
54,1.12,-0.030,-1.587,4,6,,,-0.014,-0.829,-1.568,3.71E-04,,,,,,,,,
55,1.123,-0.027,-1.614,5,6,,,-0.014,-0.829,-1.582,1.03E-03,,,,,,,,,
56,1.137,-0.013,-1.626,6,6,,,-0.014,-0.829,-1.595,9.55E-04,,,,,,,,,
57,1.15,0.000,-1.626,7,6,,,-0.014,-0.829,-1.609,2.80E-04,,,,,,,,,
58,1.143,-0.007,-1.632,8,6,,,-0.014,-0.829,-1.623,9.11E-05,,,,,,,,,
59,1.167,0.017,-1.615,9,6,,,-0.014,-0.829,-1.636,4.68E-04,,,,,,,,,
60,1.15,0.000,-1.614,10,6,,,-0.014,-0.829,-1.650,1.28E-03,,,,,,,,,
61,1.217,0.067,-1.547,1,7,-0.005,-1.231,-0.005,-1.231,-1.516,9.42E-04,,,,,,,,,
62,1.177,0.027,-1.519,2,7,,,-0.005,-1.231,-1.521,2.20E-06,,,,,,,,,
63,1.153,0.003,-1.516,3,7,,,-0.005,-1.231,-1.525,9.33E-05,,,,,,,,,
64,1.153,0.003,-1.512,4,7,,,-0.005,-1.231,-1.530,3.18E-04,,,,,,,,,
65,1.14,-0.010,-1.522,5,7,,,-0.005,-1.231,-1.535,1.69E-04,,,,,,,,,
66,1.143,-0.007,-1.528,6,7,,,-0.005,-1.231,-1.539,1.25E-04,,,,,,,,,
67,1.143,-0.007,-1.535,7,7,,,-0.005,-1.231,-1.544,8.77E-05,,,,,,,,,
68,1.12,-0.030,-1.564,8,7,,,-0.005,-1.231,-1.549,2.39E-04,,,,,,,,,
69,1.143,-0.007,-1.571,9,7,,,-0.005,-1.231,-1.553,2.99E-04,,,,,,,,,
70,1.163,0.013,-1.557,10,7,,,-0.005,-1.231,-1.558,7.94E-07,,,,,,,,,
71,1.163,0.013,-1.544,1,8,-0.001,-1.451,-0.001,-1.451,-1.514,8.61E-04,,,,,,,,,
72,1.193,0.043,-1.500,2,8,,,-0.001,-1.451,-1.515,2.26E-04,,,,,,,,,
73,1.157,0.007,-1.493,3,8,,,-0.001,-1.451,-1.516,5.49E-04,,,,,,,,,
74,1.153,0.003,-1.489,4,8,,,-0.001,-1.451,-1.517,7.74E-04,,,,,,,,,
75,1.127,-0.023,-1.512,5,8,,,-0.001,-1.451,-1.518,3.85E-05,,,,,,,,,
76,1.12,-0.030,-1.541,6,8,,,-0.001,-1.451,-1.519,5.02E-04,,,,,,,,,
77,1.127,-0.023,-1.564,7,8,,,-0.001,-1.451,-1.520,1.94E-03,,,,,,,,,
78,1.19,0.040,-1.523,8,8,,,-0.001,-1.451,-1.521,6.92E-06,,,,,,,,,
79,1.16,0.010,-1.513,9,8,,,-0.001,-1.451,-1.522,7.67E-05,,,,,,,,,
80,1.157,0.007,-1.505,10,8,,,-0.001,-1.451,-1.522,2.94E-04,,,,,,,,,
81,1.153,0.003,-1.502,1,9,-0.020,0.098,-0.020,0.098,-1.494,5.94E-05,,,,,,,,,
82,1.113,-0.037,-1.538,2,9,,,-0.020,0.098,-1.514,6.03E-04,,,,,,,,,
83,1.15,0.000,-1.538,3,9,,,-0.020,0.098,-1.533,1.93E-05,,,,,,,,,
84,1.147,-0.003,-1.540,4,9,,,-0.020,0.098,-1.553,1.63E-04,,,,,,,,,
85,1.14,-0.010,-1.550,5,9,,,-0.020,0.098,-1.573,5.25E-04,,,,,,,,,
86,1.123,-0.027,-1.576,6,9,,,-0.020,0.098,-1.592,2.59E-04,,,,,,,,,
87,1.127,-0.023,-1.599,7,9,,,-0.020,0.098,-1.612,1.75E-04,,,,,,,,,
88,1.127,-0.023,-1.621,8,9,,,-0.020,0.098,-1.632,1.08E-04,,,,,,,,,
89,1.1,-0.050,-1.671,9,9,,,-0.020,0.098,-1.651,3.78E-04,,,,,,,,,
90,1.13,-0.020,-1.690,10,9,,,-0.020,0.098,-1.671,3.72E-04,,,,,,,,,
91,1.133,-0.017,-1.707,1,10,-0.043,2.235,-0.043,2.235,-1.708,4.77E-07,,,,,,,,,
92,1.103,-0.047,-1.753,2,10,,,-0.043,2.235,-1.751,6.17E-06,,,,,,,,,
93,1.113,-0.037,-1.790,3,10,,,-0.043,2.235,-1.794,1.88E-05,,,,,,,,,
94,1.103,-0.047,-1.836,4,10,,,-0.043,2.235,-1.838,1.35E-06,,,,,,,,,
95,1.11,-0.040,-1.876,5,10,,,-0.043,2.235,-1.881,2.49E-05,,,,,,,,,
96,1.1,-0.050,-1.925,6,10,,,-0.043,2.235,-1.924,1.41E-06,,,,,,,,,
97,1.103,-0.047,-1.972,7,10,,,-0.043,2.235,-1.968,1.90E-05,,,,,,,,,
98,1.1,-0.050,-2.021,8,10,,,-0.043,2.235,-2.011,1.11E-04,,,,,,,,,
99,1.107,-0.043,-2.064,9,10,,,-0.043,2.235,-2.054,9.44E-05,,,,,,,,,
100,1.133,-0.017,-2.080,10,10,,,-0.043,2.235,-2.098,2.93E-04,,,,,,,,,
101,1.127,-0.023,-2.103,1,11,-0.003,-1.726,-0.003,-1.726,-2.069,1.13E-03,,,,,,,,,
102,1.173,0.023,-2.079,2,11,,,-0.003,-1.726,-2.073,4.54E-05,,,,,,,,,
103,1.177,0.027,-2.052,3,11,,,-0.003,-1.726,-2.076,5.84E-04,,,,,,,,,
104,1.137,-0.013,-2.064,4,11,,,-0.003,-1.726,-2.079,2.27E-04,,,,,,,,,
105,1.137,-0.013,-2.077,5,11,,,-0.003,-1.726,-2.083,3.54E-05,,,,,,,,,
106,1.14,-0.010,-2.086,6,11,,,-0.003,-1.726,-2.086,2.30E-08,,,,,,,,,
107,1.153,0.003,-2.083,7,11,,,-0.003,-1.726,-2.090,4.55E-05,,,,,,,,,
108,1.163,0.013,-2.069,8,11,,,-0.003,-1.726,-2.093,5.59E-04,,,,,,,,,
109,1.123,-0.027,-2.096,9,11,,,-0.003,-1.726,-2.096,2.91E-07,,,,,,,,,
110,1.11,-0.040,-2.135,10,11,,,-0.003,-1.726,-2.100,1.26E-03,,,,,,,,,
111,1.12,-0.030,-2.165,1,12,-0.030,1.164,-0.030,1.164,-2.150,2.39E-04,,,,,,,,,
112,1.123,-0.027,-2.191,2,12,,,-0.030,1.164,-2.179,1.47E-04,,,,,,,,,
113,1.127,-0.023,-2.214,3,12,,,-0.030,1.164,-2.209,2.27E-05,,,,,,,,,
114,1.133,-0.017,-2.230,4,12,,,-0.030,1.164,-2.239,7.36E-05,,,,,,,,,
115,1.127,-0.023,-2.253,5,12,,,-0.030,1.164,-2.269,2.54E-04,,,,,,,,,
116,1.127,-0.023,-2.275,6,12,,,-0.030,1.164,-2.299,5.42E-04,,,,,,,,,
117,1.107,-0.043,-2.318,7,12,,,-0.030,1.164,-2.329,1.13E-04,,,,,,,,,
118,1.12,-0.030,-2.347,8,12,,,-0.030,1.164,-2.358,1.20E-04,,,,,,,,,
119,1.1,-0.050,-2.397,9,12,,,-0.030,1.164,-2.388,7.55E-05,,,,,,,,,
120,1.1,-0.050,-2.446,10,12,,,-0.030,1.164,-2.418,8.03E-04,,,,,,,,,
121,1.1,-0.050,-2.496,1,13,-0.007,-1.654,-0.007,-1.654,-2.550,2.89E-03,,,,,,,,,
122,1.12,-0.030,-2.526,2,13,,,-0.007,-1.654,-2.557,1.00E-03,,,,,,,,,
123,1.1,-0.050,-2.575,3,13,,,-0.007,-1.654,-2.565,1.09E-04,,,,,,,,,
124,1.117,-0.033,-2.608,4,13,,,-0.007,-1.654,-2.572,1.26E-03,,,,,,,,,
125,1.127,-0.023,-2.630,5,13,,,-0.007,-1.654,-2.579,2.57E-03,,,,,,,,,
126,1.147,-0.003,-2.633,6,13,,,-0.007,-1.654,-2.587,2.09E-03,,,,,,,,,
127,1.17,0.020,-2.612,7,13,,,-0.007,-1.654,-2.594,3.19E-04,,,,,,,,,
128,1.167,0.017,-2.595,8,13,,,-0.007,-1.654,-2.602,4.96E-05,,,,,,,,,
129,1.16,0.010,-2.584,9,13,,,-0.007,-1.654,-2.609,6.22E-04,,,,,,,,,
130,1.16,0.010,-2.574,10,13,,,-0.007,-1.654,-2.616,1.83E-03,,,,,,,,,
131,1.157,0.007,-2.566,1,14,-0.040,2.649,-0.040,2.649,-2.548,3.33E-04,,,,,,,,,
132,1.123,-0.027,-2.593,2,14,,,-0.040,2.649,-2.587,2.57E-05,,,,,,,,,
133,1.12,-0.030,-2.622,3,14,,,-0.040,2.649,-2.627,2.59E-05,,,,,,,,,
134,1.12,-0.030,-2.652,4,14,,,-0.040,2.649,-2.667,2.33E-04,,,,,,,,,
135,1.113,-0.037,-2.688,5,14,,,-0.040,2.649,-2.706,3.39E-04,,,,,,,,,
136,1.103,-0.047,-2.735,6,14,,,-0.040,2.649,-2.746,1.34E-04,,,,,,,,,
137,1.09,-0.060,-2.794,7,14,,,-0.040,2.649,-2.786,6.81E-05,,,,,,,,,
138,1.107,-0.043,-2.837,8,14,,,-0.040,2.649,-2.825,1.23E-04,,,,,,,,,
139,1.107,-0.043,-2.879,9,14,,,-0.040,2.649,-2.865,1.94E-04,,,,,,,,,
140,1.13,-0.020,-2.899,10,14,,,-0.040,2.649,-2.905,3.89E-05,,,,,,,,,
141,1.163,0.013,-2.885,1,15,-0.014,-0.866,-0.014,-0.866,-2.881,1.89E-05,,,,,,,,,
142,1.147,-0.003,-2.888,2,15,,,-0.014,-0.866,-2.895,5.54E-05,,,,,,,,,
143,1.113,-0.037,-2.924,3,15,,,-0.014,-0.866,-2.909,2.18E-04,,,,,,,,,
144,1.14,-0.010,-2.934,4,15,,,-0.014,-0.866,-2.924,9.96E-05,,,,,,,,,
145,1.163,0.013,-2.920,5,15,,,-0.014,-0.866,-2.938,3.17E-04,,,,,,,,,
146,1.13,-0.020,-2.940,6,15,,,-0.014,-0.866,-2.952,1.59E-04,,,,,,,,,
147,1.127,-0.023,-2.962,7,15,,,-0.014,-0.866,-2.966,1.92E-05,,,,,,,,,
148,1.127,-0.023,-2.985,8,15,,,-0.014,-0.866,-2.981,1.47E-05,,,,,,,,,
149,1.137,-0.013,-2.997,9,15,,,-0.014,-0.866,-2.995,4.17E-06,,,,,,,,,
150,1.13,-0.020,-3.017,10,15,,,-0.014,-0.866,-3.009,5.26E-05,,,,,,,,,
151,1.133,-0.017,-3.033,1,16,-0.004,-2.519,-0.004,-2.519,-3.052,3.64E-04,,,,,,,,,
152,1.13,-0.020,-3.053,2,16,,,-0.004,-2.519,-3.056,9.70E-06,,,,,,,,,
153,1.14,-0.010,-3.062,3,16,,,-0.004,-2.519,-3.059,8.18E-06,,,,,,,,,
154,1.137,-0.013,-3.075,4,16,,,-0.004,-2.519,-3.063,1.40E-04,,,,,,,,,
155,1.147,-0.003,-3.077,5,16,,,-0.004,-2.519,-3.066,1.17E-04,,,,,,,,,
156,1.153,0.003,-3.074,6,16,,,-0.004,-2.519,-3.070,1.43E-05,,,,,,,,,
157,1.147,-0.003,-3.076,7,16,,,-0.004,-2.519,-3.073,7.64E-06,,,,,,,,,
158,1.137,-0.013,-3.089,8,16,,,-0.004,-2.519,-3.077,1.38E-04,,,,,,,,,
159,1.153,0.003,-3.085,9,16,,,-0.004,-2.519,-3.080,2.22E-05,,,,,,,,,
160,1.177,0.027,-3.058,10,16,,,-0.004,-2.519,-3.084,6.92E-04,,,,,,,,,
161,1.17,0.020,-3.037,1,17,0.014,-5.275,0.014,-5.275,-3.027,9.60E-05,,,,,,,,,
162,1.173,0.023,-3.014,2,17,,,0.014,-5.275,-3.013,7.11E-08,,,,,,,,,
163,1.17,0.020,-2.993,3,17,,,0.014,-5.275,-2.999,3.93E-05,,,,,,,,,
164,1.163,0.013,-2.980,4,17,,,0.014,-5.275,-2.985,3.36E-05,,,,,,,,,
165,1.157,0.007,-2.972,5,17,,,0.014,-5.275,-2.972,4.44E-07,,,,,,,,,
166,1.17,0.020,-2.952,6,17,,,0.014,-5.275,-2.958,3.44E-05,,,,,,,,,
167,1.157,0.007,-2.944,7,17,,,0.014,-5.275,-2.944,3.60E-07,,,,,,,,,
168,1.163,0.013,-2.931,8,17,,,0.014,-5.275,-2.930,1.14E-06,,,,,,,,,
169,1.16,0.010,-2.920,9,17,,,0.014,-5.275,-2.916,2.06E-05,,,,,,,,,
170,1.167,0.017,-2.903,10,17,,,0.014,-5.275,-2.902,1.00E-06,,,,,,,,,
171,1.197,0.047,-2.855,1,18,-0.005,-1.927,-0.005,-1.927,-2.823,1.04E-03,,,,,,,,,
172,1.173,0.023,-2.832,2,18,,,-0.005,-1.927,-2.828,1.20E-05,,,,,,,,,
173,1.16,0.010,-2.821,3,18,,,-0.005,-1.927,-2.833,1.50E-04,,,,,,,,,
174,1.153,0.003,-2.818,4,18,,,-0.005,-1.927,-2.839,4.41E-04,,,,,,,,,
175,1.15,0.000,-2.817,5,18,,,-0.005,-1.927,-2.844,7.15E-04,,,,,,,,,
176,1.12,-0.030,-2.847,6,18,,,-0.005,-1.927,-2.849,6.08E-06,,,,,,,,,
177,1.147,-0.003,-2.849,7,18,,,-0.005,-1.927,-2.854,2.70E-05,,,,,,,,,
178,1.117,-0.033,-2.882,8,18,,,-0.005,-1.927,-2.860,4.87E-04,,,,,,,,,
179,1.157,0.007,-2.874,9,18,,,-0.005,-1.927,-2.865,8.71E-05,,,,,,,,,
180,1.153,0.003,-2.871,10,18,,,-0.005,-1.927,-2.870,3.60E-07,,,,,,,,,
181,1.147,-0.003,-2.873,1,19,0.007,-4.192,0.007,-4.192,-2.874,5.56E-07,,,,,,,,,
182,1.16,0.010,-2.863,2,19,,,0.007,-4.192,-2.867,1.57E-05,,,,,,,,,
183,1.163,0.013,-2.849,3,19,,,0.007,-4.192,-2.859,1.03E-04,,,,,,,,,
184,1.14,-0.010,-2.859,4,19,,,0.007,-4.192,-2.852,4.38E-05,,,,,,,,,
185,1.15,0.000,-2.858,5,19,,,0.007,-4.192,-2.845,1.80E-04,,,,,,,,,
186,1.17,0.020,-2.838,6,19,,,0.007,-4.192,-2.838,3.76E-08,,,,,,,,,
187,1.153,0.003,-2.834,7,19,,,0.007,-4.192,-2.830,1.59E-05,,,,,,,,,
188,1.163,0.013,-2.821,8,19,,,0.007,-4.192,-2.823,4.97E-06,,,,,,,,,
189,1.16,0.010,-2.810,9,19,,,0.007,-4.192,-2.816,2.96E-05,,,,,,,,,
190,1.153,0.003,-2.807,10,19,,,0.007,-4.192,-2.808,2.74E-06,,,,,,,,,
191,1.13,-0.020,-2.826,1,20,-0.025,2.009,-0.025,2.009,-2.838,1.27E-04,,,,,,,,,
192,1.117,-0.033,-2.859,2,20,,,-0.025,2.009,-2.863,1.72E-05,,,,,,,,,
193,1.12,-0.030,-2.888,3,20,,,-0.025,2.009,-2.888,3.31E-10,,,,,,,,,
194,1.103,-0.047,-2.935,4,20,,,-0.025,2.009,-2.914,4.46E-04,,,,,,,,,
195,1.133,-0.017,-2.951,5,20,,,-0.025,2.009,-2.939,1.50E-04,,,,,,,,,
196,1.14,-0.010,-2.961,6,20,,,-0.025,2.009,-2.964,1.32E-05,,,,,,,,,
197,1.127,-0.023,-2.983,7,20,,,-0.025,2.009,-2.990,4.24E-05,,,,,,,,,
198,1.123,-0.027,-3.010,8,20,,,-0.025,2.009,-3.015,2.90E-05,,,,,,,,,
199,1.127,-0.023,-3.032,9,20,,,-0.025,2.009,-3.041,6.81E-05,,,,,,,,,
200,1.11,-0.040,-3.072,10,20,,,-0.025,2.009,-3.066,3.45E-05,,,,,,,,,
201,1.14,-0.010,-3.081,1,21,-0.002,-2.599,-0.002,-2.599,-3.064,2.91E-04,,,,,,,,,
202,1.177,0.027,-3.054,2,21,,,-0.002,-2.599,-3.067,1.63E-04,,,,,,,,,
203,1.133,-0.017,-3.070,3,21,,,-0.002,-2.599,-3.069,2.05E-06,,,,,,,,,
204,1.133,-0.017,-3.087,4,21,,,-0.002,-2.599,-3.071,2.44E-04,,,,,,,,,
205,1.15,0.000,-3.086,5,21,,,-0.002,-2.599,-3.074,1.64E-04,,,,,,,,,
206,1.177,0.027,-3.059,6,21,,,-0.002,-2.599,-3.076,2.89E-04,,,,,,,,,
207,1.17,0.020,-3.038,7,21,,,-0.002,-2.599,-3.078,1.59E-03,,,,,,,,,
208,1.127,-0.023,-3.061,8,21,,,-0.002,-2.599,-3.080,3.85E-04,,,,,,,,,
209,1.12,-0.030,-3.090,9,21,,,-0.002,-2.599,-3.083,5.71E-05,,,,,,,,,
210,1.12,-0.030,-3.120,10,21,,,-0.002,-2.599,-3.085,1.21E-03,,,,,,,,,
211,1.133,-0.017,-3.136,1,22,-0.016,0.323,-0.016,0.323,-3.140,1.69E-05,,,,,,,,,
212,1.127,-0.023,-3.159,2,22,,,-0.016,0.323,-3.157,3.93E-06,,,,,,,,,
213,1.14,-0.010,-3.168,3,22,,,-0.016,0.323,-3.173,2.43E-05,,,,,,,,,
214,1.127,-0.023,-3.191,4,22,,,-0.016,0.323,-3.190,1.35E-06,,,,,,,,,
215,1.13,-0.020,-3.210,5,22,,,-0.016,0.323,-3.206,1.81E-05,,,,,,,,,
216,1.133,-0.017,-3.227,6,22,,,-0.016,0.323,-3.223,1.89E-05,,,,,,,,,
217,1.133,-0.017,-3.243,7,22,,,-0.016,0.323,-3.239,1.97E-05,,,,,,,,,
218,1.133,-0.017,-3.260,8,22,,,-0.016,0.323,-3.255,2.05E-05,,,,,,,,,
219,1.15,0.000,-3.259,9,22,,,-0.016,0.323,-3.272,1.53E-04,,,,,,,,,
220,1.12,-0.030,-3.289,10,22,,,-0.016,0.323,-3.288,5.03E-07,,,,,,,,,
221,1.127,-0.023,-3.311,1,23,0.004,-4.120,0.004,-4.120,-3.336,6.26E-04,,,,,,,,,
222,1.147,-0.003,-3.314,2,23,,,0.004,-4.120,-3.333,3.60E-04,,,,,,,,,
223,1.13,-0.020,-3.333,3,23,,,0.004,-4.120,-3.329,1.66E-05,,,,,,,,,
224,1.15,0.000,-3.333,4,23,,,0.004,-4.120,-3.326,5.08E-05,,,,,,,,,
225,1.14,-0.010,-3.342,5,23,,,0.004,-4.120,-3.322,4.07E-04,,,,,,,,,
226,1.14,-0.010,-3.352,6,23,,,0.004,-4.120,-3.319,1.10E-03,,,,,,,,,
227,1.167,0.017,-3.334,7,23,,,0.004,-4.120,-3.315,3.71E-04,,,,,,,,,
228,1.163,0.013,-3.321,8,23,,,0.004,-4.120,-3.312,8.69E-05,,,,,,,,,
229,1.167,0.017,-3.303,9,23,,,0.004,-4.120,-3.308,2.14E-05,,,,,,,,,
230,1.193,0.043,-3.260,10,23,,,0.004,-4.120,-3.305,1.99E-03,,,,,,,,,
231,1.18,0.030,-3.229,1,24,-0.008,-1.291,-0.008,-1.291,-3.209,4.16E-04,,,,,,,,,
232,1.163,0.013,-3.216,2,24,,,-0.008,-1.291,-3.217,1.96E-06,,,,,,,,,
233,1.14,-0.010,-3.225,3,24,,,-0.008,-1.291,-3.226,4.00E-08,,,,,,,,,
234,1.147,-0.003,-3.228,4,24,,,-0.008,-1.291,-3.234,3.60E-05,,,,,,,,,
235,1.147,-0.003,-3.230,5,24,,,-0.008,-1.291,-3.242,1.39E-04,,,,,,,,,
236,1.137,-0.013,-3.243,6,24,,,-0.008,-1.291,-3.251,5.78E-05,,,,,,,,,
237,1.15,0.000,-3.242,7,24,,,-0.008,-1.291,-3.259,2.69E-04,,,,,,,,,
238,1.133,-0.017,-3.259,8,24,,,-0.008,-1.291,-3.267,6.72E-05,,,,,,,,,
239,1.113,-0.037,-3.295,9,24,,,-0.008,-1.291,-3.275,4.00E-04,,,,,,,,,
240,1.15,0.000,-3.295,10,24,,,-0.008,-1.291,-3.284,1.25E-04,,,,,,,,,
241,1.167,0.017,-3.277,1,25,0.004,-4.294,0.004,-4.294,-3.280,8.36E-06,,,,,,,,,
242,1.137,-0.013,-3.290,2,25,,,0.004,-4.294,-3.276,1.91E-04,,,,,,,,,
243,1.17,0.020,-3.269,3,25,,,0.004,-4.294,-3.272,6.11E-06,,,,,,,,,
244,1.157,0.007,-3.262,4,25,,,0.004,-4.294,-3.268,3.32E-05,,,,,,,,,
245,1.163,0.013,-3.249,5,25,,,0.004,-4.294,-3.264,2.27E-04,,,,,,,,,
246,1.15,0.000,-3.248,6,25,,,0.004,-4.294,-3.259,1.29E-04,,,,,,,,,
247,1.12,-0.030,-3.278,7,25,,,0.004,-4.294,-3.255,5.00E-04,,,,,,,,,
248,1.167,0.017,-3.260,8,25,,,0.004,-4.294,-3.251,8.23E-05,,,,,,,,,
249,1.16,0.010,-3.250,9,25,,,0.004,-4.294,-3.247,7.74E-06,,,,,,,,,
250,1.167,0.017,-3.232,10,25,,,0.004,-4.294,-3.243,1.10E-04,,,,,,,,,
251,1.14,-0.010,-3.242,1,26,0.011,-6.107,0.011,-6.107,-3.269,7.43E-04,,,,,,,,,
252,1.153,0.003,-3.238,2,26,,,0.011,-6.107,-3.257,3.78E-04,,,,,,,,,
253,1.147,-0.003,-3.241,3,26,,,0.011,-6.107,-3.246,3.17E-05,,,,,,,,,
254,1.137,-0.013,-3.253,4,26,,,0.011,-6.107,-3.235,3.31E-04,,,,,,,,,
255,1.15,0.000,-3.253,5,26,,,0.011,-6.107,-3.224,8.41E-04,,,,,,,,,
256,1.157,0.007,-3.245,6,26,,,0.011,-6.107,-3.212,1.08E-03,,,,,,,,,
257,1.17,0.020,-3.225,7,26,,,0.011,-6.107,-3.201,5.58E-04,,,,,,,,,
258,1.19,0.040,-3.184,8,26,,,0.011,-6.107,-3.190,3.10E-05,,,,,,,,,
259,1.16,0.010,-3.174,9,26,,,0.011,-6.107,-3.178,2.26E-05,,,,,,,,,
260,1.197,0.047,-3.126,10,26,,,0.011,-6.107,-3.167,1.68E-03,,,,,,,,,
261,1.16,0.010,-3.116,1,27,0.003,-3.927,0.003,-3.927,-3.096,3.69E-04,,,,,,,,,
262,1.16,0.010,-3.105,2,27,,,0.003,-3.927,-3.093,1.42E-04,,,,,,,,,
263,1.17,0.020,-3.085,3,27,,,0.003,-3.927,-3.090,2.93E-05,,,,,,,,,
264,1.157,0.007,-3.077,4,27,,,0.003,-3.927,-3.087,9.46E-05,,,,,,,,,
265,1.163,0.013,-3.064,5,27,,,0.003,-3.927,-3.084,4.02E-04,,,,,,,,,
266,1.15,0.000,-3.063,6,27,,,0.003,-3.927,-3.080,3.01E-04,,,,,,,,,
267,1.143,-0.007,-3.070,7,27,,,0.003,-3.927,-3.077,5.89E-05,,,,,,,,,
268,1.14,-0.010,-3.079,8,27,,,0.003,-3.927,-3.074,2.51E-05,,,,,,,,,
269,1.147,-0.003,-3.082,9,27,,,0.003,-3.927,-3.071,1.14E-04,,,,,,,,,
270,1.15,0.000,-3.081,10,27,,,0.003,-3.927,-3.068,1.79E-04,,,,,,,,,
271,1.2,0.050,-3.031,1,28,0.009,-5.324,0.009,-5.324,-3.014,2.88E-04,,,,,,,,,
272,1.167,0.017,-3.013,2,28,,,0.009,-5.324,-3.005,6.39E-05,,,,,,,,,
273,1.177,0.027,-2.986,3,28,,,0.009,-5.324,-2.997,1.20E-04,,,,,,,,,
274,1.153,0.003,-2.982,4,28,,,0.009,-5.324,-2.988,3.53E-05,,,,,,,,,
275,1.163,0.013,-2.969,5,28,,,0.009,-5.324,-2.980,1.19E-04,,,,,,,,,
276,1.147,-0.003,-2.971,6,28,,,0.009,-5.324,-2.971,1.33E-08,,,,,,,,,
277,1.17,0.020,-2.951,7,28,,,0.009,-5.324,-2.962,1.41E-04,,,,,,,,,
278,1.157,0.007,-2.943,8,28,,,0.009,-5.324,-2.954,1.17E-04,,,,,,,,,
279,1.14,-0.010,-2.953,9,28,,,0.009,-5.324,-2.945,5.19E-05,,,,,,,,,
280,1.147,-0.003,-2.955,10,28,,,0.009,-5.324,-2.937,3.33E-04,,,,,,,,,
281,1.143,-0.007,-2.962,1,29,-0.011,0.289,-0.011,0.289,-2.929,1.09E-03,,,,,,,,,
282,1.17,0.020,-2.941,2,29,,,-0.011,0.289,-2.940,1.23E-06,,,,,,,,,
283,1.147,-0.003,-2.944,3,29,,,-0.011,0.289,-2.951,6.14E-05,,,,,,,,,
284,1.143,-0.007,-2.950,4,29,,,-0.011,0.289,-2.963,1.63E-04,,,,,,,,,
285,1.14,-0.010,-2.960,5,29,,,-0.011,0.289,-2.974,2.17E-04,,,,,,,,,
286,1.14,-0.010,-2.969,6,29,,,-0.011,0.289,-2.986,2.78E-04,,,,,,,,,
287,1.133,-0.017,-2.986,7,29,,,-0.011,0.289,-2.997,1.35E-04,,,,,,,,,
288,1.13,-0.020,-3.005,8,29,,,-0.011,0.289,-3.009,1.27E-05,,,,,,,,,
289,1.127,-0.023,-3.028,9,29,,,-0.011,0.289,-3.020,5.61E-05,,,,,,,,,
290,1.12,-0.030,-3.057,10,29,,,-0.011,0.289,-3.032,6.53E-04,,,,,,,,,
291,1.127,-0.023,-3.080,1,30,-0.013,0.685,-0.013,0.685,-3.063,2.79E-04,,,,,,,,,
292,1.143,-0.007,-3.086,2,30,,,-0.013,0.685,-3.076,1.06E-04,,,,,,,,,
293,1.143,-0.007,-3.093,3,30,,,-0.013,0.685,-3.089,1.55E-05,,,,,,,,,
294,1.157,0.007,-3.085,4,30,,,-0.013,0.685,-3.102,2.70E-04,,,,,,,,,
295,1.137,-0.013,-3.098,5,30,,,-0.013,0.685,-3.115,2.83E-04,,,,,,,,,
296,1.137,-0.013,-3.110,6,30,,,-0.013,0.685,-3.127,2.95E-04,,,,,,,,,
297,1.127,-0.023,-3.133,7,30,,,-0.013,0.685,-3.140,5.72E-05,,,,,,,,,
298,1.13,-0.020,-3.152,8,30,,,-0.013,0.685,-3.153,8.82E-07,,,,,,,,,
299,1.12,-0.030,-3.182,9,30,,,-0.013,0.685,-3.166,2.46E-04,,,,,,,,,
300,1.14,-0.010,-3.191,10,30,,,-0.013,0.685,-3.179,1.52E-04,,,,,,,,,
301,1.16,0.010,-3.181,1,31,-0.003,-2.262,-0.003,-2.262,-3.158,5.26E-04,,,,,,,,,
302,1.187,0.037,-3.143,2,31,,,-0.003,-2.262,-3.161,3.08E-04,,,,,,,,,
303,1.143,-0.007,-3.150,3,31,,,-0.003,-2.262,-3.164,1.97E-04,,,,,,,,,
304,1.113,-0.037,-3.186,4,31,,,-0.003,-2.262,-3.167,3.81E-04,,,,,,,,,
305,1.15,0.000,-3.186,5,31,,,-0.003,-2.262,-3.170,2.57E-04,,,,,,,,,
306,1.177,0.027,-3.158,6,31,,,-0.003,-2.262,-3.173,2.08E-04,,,,,,,,,
307,1.163,0.013,-3.145,7,31,,,-0.003,-2.262,-3.176,9.55E-04,,,,,,,,,
308,1.127,-0.023,-3.167,8,31,,,-0.003,-2.262,-3.179,1.30E-04,,,,,,,,,
309,1.127,-0.023,-3.190,9,31,,,-0.003,-2.262,-3.182,6.63E-05,,,,,,,,,
310,1.133,-0.017,-3.206,10,31,,,-0.003,-2.262,-3.185,4.70E-04,,,,,,,,,
311,1.133,-0.017,-3.223,1,32,-0.010,-0.223,-0.010,-0.223,-3.211,1.48E-04,,,,,,,,,
312,1.127,-0.023,-3.245,2,32,,,-0.010,-0.223,-3.220,6.28E-04,,,,,,,,,
313,1.16,0.010,-3.235,3,32,,,-0.010,-0.223,-3.230,2.46E-05,,,,,,,,,
314,1.167,0.017,-3.217,4,32,,,-0.010,-0.223,-3.239,4.90E-04,,,,,,,,,
315,1.14,-0.010,-3.227,5,32,,,-0.010,-0.223,-3.249,4.95E-04,,,,,,,,,
316,1.14,-0.010,-3.236,6,32,,,-0.010,-0.223,-3.259,5.00E-04,,,,,,,,,
317,1.127,-0.023,-3.259,7,32,,,-0.010,-0.223,-3.268,8.94E-05,,,,,,,,,
318,1.127,-0.023,-3.281,8,32,,,-0.010,-0.223,-3.278,1.19E-05,,,,,,,,,
319,1.133,-0.017,-3.298,9,32,,,-0.010,-0.223,-3.287,1.07E-04,,,,,,,,,
320,1.13,-0.020,-3.317,10,32,,,-0.010,-0.223,-3.297,4.10E-04,,,,,,,,,
321,1.137,-0.013,-3.330,1,33,0.001,-3.567,0.001,-3.567,-3.365,1.23E-03,,,,,,,,,
322,1.13,-0.020,-3.349,2,33,,,0.001,-3.567,-3.364,2.21E-04,,,,,,,,,
323,1.137,-0.013,-3.362,3,33,,,0.001,-3.567,-3.364,3.00E-06,,,,,,,,,
324,1.13,-0.020,-3.381,4,33,,,0.001,-3.567,-3.363,3.39E-04,,,,,,,,,
325,1.133,-0.017,-3.398,5,33,,,0.001,-3.567,-3.362,1.26E-03,,,,,,,,,
326,1.157,0.007,-3.390,6,33,,,0.001,-3.567,-3.362,8.22E-04,,,,,,,,,
327,1.163,0.013,-3.377,7,33,,,0.001,-3.567,-3.361,2.50E-04,,,,,,,,,
328,1.163,0.013,-3.363,8,33,,,0.001,-3.567,-3.360,8.60E-06,,,,,,,,,
329,1.163,0.013,-3.350,9,33,,,0.001,-3.567,-3.360,9.87E-05,,,,,,,,,
330,1.18,0.030,-3.319,10,33,,,0.001,-3.567,-3.359,1.58E-03,,,,,,,,,
331,1.18,0.030,-3.289,1,34,-0.007,-1.067,-0.007,-1.067,-3.280,8.50E-05,,,,,,,,,
332,1.153,0.003,-3.285,2,34,,,-0.007,-1.067,-3.286,9.29E-07,,,,,,,,,
333,1.15,0.000,-3.285,3,34,,,-0.007,-1.067,-3.293,6.63E-05,,,,,,,,,
334,1.14,-0.010,-3.294,4,34,,,-0.007,-1.067,-3.300,2.84E-05,,,,,,,,,
335,1.13,-0.020,-3.314,5,34,,,-0.007,-1.067,-3.306,5.61E-05,,,,,,,,,
336,1.153,0.003,-3.310,6,34,,,-0.007,-1.067,-3.313,7.24E-06,,,,,,,,,
337,1.147,-0.003,-3.313,7,34,,,-0.007,-1.067,-3.320,4.72E-05,,,,,,,,,
338,1.13,-0.020,-3.332,8,34,,,-0.007,-1.067,-3.326,3.53E-05,,,,,,,,,
339,1.153,0.003,-3.329,9,34,,,-0.007,-1.067,-3.333,1.79E-05,,,,,,,,,
340,1.133,-0.017,-3.345,10,34,,,-0.007,-1.067,-3.340,3.12E-05,,,,,,,,,
341,1.147,-0.003,-3.348,1,35,-0.012,0.704,-0.012,0.704,-3.316,1.01E-03,,,,,,,,,
342,1.187,0.037,-3.310,2,35,,,-0.012,0.704,-3.328,3.06E-04,,,,,,,,,
343,1.133,-0.017,-3.327,3,35,,,-0.012,0.704,-3.340,1.64E-04,,,,,,,,,
344,1.14,-0.010,-3.336,4,35,,,-0.012,0.704,-3.351,2.27E-04,,,,,,,,,
345,1.12,-0.030,-3.366,5,35,,,-0.012,0.704,-3.363,6.98E-06,,,,,,,,,
346,1.137,-0.013,-3.378,6,35,,,-0.012,0.704,-3.375,1.13E-05,,,,,,,,,
347,1.14,-0.010,-3.388,7,35,,,-0.012,0.704,-3.387,1.15E-06,,,,,,,,,
348,1.14,-0.010,-3.397,8,35,,,-0.012,0.704,-3.399,1.47E-06,,,,,,,,,
349,1.13,-0.020,-3.417,9,35,,,-0.012,0.704,-3.410,4.23E-05,,,,,,,,,
350,1.143,-0.007,-3.423,10,35,,,-0.012,0.704,-3.422,1.48E-06,,,,,,,,,
351,1.133,-0.017,-3.440,1,36,-0.002,-2.880,-0.002,-2.880,-3.468,7.86E-04,,,,,,,,,
352,1.127,-0.023,-3.462,2,36,,,-0.002,-2.880,-3.470,5.19E-05,,,,,,,,,
353,1.15,0.000,-3.462,3,36,,,-0.002,-2.880,-3.471,8.79E-05,,,,,,,,,
354,1.133,-0.017,-3.478,4,36,,,-0.002,-2.880,-3.473,2.98E-05,,,,,,,,,
355,1.117,-0.033,-3.511,5,36,,,-0.002,-2.880,-3.475,1.32E-03,,,,,,,,,
356,1.153,0.003,-3.507,6,36,,,-0.002,-2.880,-3.476,9.68E-04,,,,,,,,,
357,1.167,0.017,-3.490,7,36,,,-0.002,-2.880,-3.478,1.43E-04,,,,,,,,,
358,1.153,0.003,-3.486,8,36,,,-0.002,-2.880,-3.480,4.59E-05,,,,,,,,,
359,1.167,0.017,-3.469,9,36,,,-0.002,-2.880,-3.481,1.54E-04,,,,,,,,,
360,1.17,0.020,-3.448,10,36,,,-0.002,-2.880,-3.483,1.19E-03,,,,,,,,,
361,1.197,0.047,-3.401,1,37,0.024,-12.066,0.024,-12.066,-3.367,1.13E-03,,,,,,,,,
362,1.223,0.073,-3.327,2,37,,,0.024,-12.066,-3.343,2.50E-04,,,,,,,,,
363,1.163,0.013,-3.314,3,37,,,0.024,-12.066,-3.319,2.70E-05,,,,,,,,,
364,1.173,0.023,-3.290,4,37,,,0.024,-12.066,-3.295,2.12E-05,,,,,,,,,
365,1.193,0.043,-3.247,5,37,,,0.024,-12.066,-3.271,5.76E-04,,,,,,,,,
366,1.153,0.003,-3.244,6,37,,,0.024,-12.066,-3.247,1.16E-05,,,,,,,,,
367,1.167,0.017,-3.226,7,37,,,0.024,-12.066,-3.223,1.02E-05,,,,,,,,,
368,1.173,0.023,-3.203,8,37,,,0.024,-12.066,-3.199,1.44E-05,,,,,,,,,
369,1.173,0.023,-3.179,9,37,,,0.024,-12.066,-3.175,1.94E-05,,,,,,,,,
370,1.17,0.020,-3.159,10,37,,,0.024,-12.066,-3.151,6.40E-05,,,,,,,,,
371,1.18,0.030,-3.128,1,38,0.016,-8.954,0.016,-8.954,-3.106,5.02E-04,,,,,,,,,
372,1.193,0.043,-3.085,2,38,,,0.016,-8.954,-3.090,2.84E-05,,,,,,,,,
373,1.18,0.030,-3.054,3,38,,,0.016,-8.954,-3.074,4.03E-04,,,,,,,,,
374,1.16,0.010,-3.044,4,38,,,0.016,-8.954,-3.058,2.19E-04,,,,,,,,,
375,1.153,0.003,-3.040,5,38,,,0.016,-8.954,-3.043,6.42E-06,,,,,,,,,
376,1.153,0.003,-3.037,6,38,,,0.016,-8.954,-3.027,9.47E-05,,,,,,,,,
377,1.16,0.010,-3.026,7,38,,,0.016,-8.954,-3.011,2.25E-04,,,,,,,,,
378,1.18,0.030,-2.996,8,38,,,0.016,-8.954,-2.995,7.11E-08,,,,,,,,,
379,1.167,0.017,-2.978,9,38,,,0.016,-8.954,-2.980,2.15E-06,,,,,,,,,
380,1.167,0.017,-2.961,10,38,,,0.016,-8.954,-2.964,1.02E-05,,,,,,,,,
381,1.18,0.030,-2.930,1,39,0.033,-15.514,0.033,-15.514,-2.939,7.90E-05,,,,,,,,,
382,1.16,0.010,-2.920,2,39,,,0.033,-15.514,-2.906,1.85E-04,,,,,,,,,
383,1.177,0.027,-2.892,3,39,,,0.033,-15.514,-2.873,3.66E-04,,,,,,,,,
384,1.2,0.050,-2.842,4,39,,,0.033,-15.514,-2.840,2.68E-06,,,,,,,,,
385,1.19,0.040,-2.801,5,39,,,0.033,-15.514,-2.807,3.43E-05,,,,,,,,,
386,1.193,0.043,-2.758,6,39,,,0.033,-15.514,-2.774,2.67E-04,,,,,,,,,
387,1.183,0.033,-2.724,7,39,,,0.033,-15.514,-2.741,2.83E-04,,,,,,,,,
388,1.18,0.030,-2.694,8,39,,,0.033,-15.514,-2.708,2.05E-04,,,,,,,,,
389,1.167,0.017,-2.676,9,39,,,0.033,-15.514,-2.675,1.40E-06,,,,,,,,,
390,1.157,0.007,-2.669,10,39,,,0.033,-15.514,-2.642,7.12E-04,,,,,,,,,
391,1.16,0.010,-2.658,1,40,0.002,-3.516,0.002,-3.516,-2.635,5.33E-04,,,,,,,,,
392,1.183,0.033,-2.625,2,40,,,0.002,-3.516,-2.633,6.64E-05,,,,,,,,,
393,1.15,0.000,-2.624,3,40,,,0.002,-3.516,-2.631,4.09E-05,,,,,,,,,
394,1.143,-0.007,-2.631,4,40,,,0.002,-3.516,-2.628,5.59E-06,,,,,,,,,
395,1.157,0.007,-2.623,5,40,,,0.002,-3.516,-2.626,8.29E-06,,,,,,,,,
396,1.17,0.020,-2.603,6,40,,,0.002,-3.516,-2.624,4.46E-04,,,,,,,,,
397,1.14,-0.010,-2.612,7,40,,,0.002,-3.516,-2.621,8.77E-05,,,,,,,,,
398,1.137,-0.013,-2.625,8,40,,,0.002,-3.516,-2.619,2.91E-05,,,,,,,,,
399,1.153,0.003,-2.621,9,40,,,0.002,-3.516,-2.617,1.72E-05,,,,,,,,,
400,1.143,-0.007,-2.628,10,40,,,0.002,-3.516,-2.615,1.67E-04,,,,,,,,,
401,1.13,-0.020,-2.647,1,41,0.027,-13.504,0.027,-13.504,-2.649,2.22E-06,,,,,,,,,
402,1.167,0.017,-2.630,2,41,,,0.027,-13.504,-2.622,6.54E-05,,,,,,,,,
403,1.193,0.043,-2.586,3,41,,,0.027,-13.504,-2.594,6.95E-05,,,,,,,,,
404,1.177,0.027,-2.559,4,41,,,0.027,-13.504,-2.567,7.68E-05,,,,,,,,,
405,1.17,0.020,-2.538,5,41,,,0.027,-13.504,-2.540,4.79E-06,,,,,,,,,
406,1.16,0.010,-2.528,6,41,,,0.027,-13.504,-2.513,2.07E-04,,,,,,,,,
407,1.177,0.027,-2.500,7,41,,,0.027,-13.504,-2.486,1.95E-04,,,,,,,,,
408,1.2,0.050,-2.450,8,41,,,0.027,-13.504,-2.459,8.95E-05,,,,,,,,,
409,1.177,0.027,-2.422,9,41,,,0.027,-13.504,-2.432,9.77E-05,,,,,,,,,
410,1.163,0.013,-2.409,10,41,,,0.027,-13.504,-2.405,1.36E-05,,,,,,,,,
411,1.147,-0.003,-2.411,1,42,-0.009,1.485,-0.009,1.485,-2.391,4.11E-04,,,,,,,,,
412,1.157,0.007,-2.404,2,42,,,-0.009,1.485,-2.400,1.12E-05,,,,,,,,,
413,1.16,0.010,-2.393,3,42,,,-0.009,1.485,-2.410,2.75E-04,,,,,,,,,
414,1.123,-0.027,-2.420,4,42,,,-0.009,1.485,-2.419,2.41E-07,,,,,,,,,
415,1.153,0.003,-2.416,5,42,,,-0.009,1.485,-2.429,1.55E-04,,,,,,,,,
416,1.13,-0.020,-2.436,6,42,,,-0.009,1.485,-2.438,5.59E-06,,,,,,,,,
417,1.15,0.000,-2.435,7,42,,,-0.009,1.485,-2.448,1.51E-04,,,,,,,,,
418,1.127,-0.023,-2.458,8,42,,,-0.009,1.485,-2.457,6.11E-07,,,,,,,,,
419,1.13,-0.020,-2.477,9,42,,,-0.009,1.485,-2.466,1.18E-04,,,,,,,,,
420,1.143,-0.007,-2.484,10,42,,,-0.009,1.485,-2.476,6.28E-05,,,,,,,,,
421,1.137,-0.013,-2.496,1,43,0.009,-6.217,0.009,-6.217,-2.520,5.56E-04,,,,,,,,,
422,1.153,0.003,-2.493,2,43,,,0.009,-6.217,-2.511,3.35E-04,,,,,,,,,
423,1.14,-0.010,-2.502,3,43,,,0.009,-6.217,-2.502,1.47E-10,,,,,,,,,
424,1.15,0.000,-2.502,4,43,,,0.009,-6.217,-2.493,6.84E-05,,,,,,,,,
425,1.137,-0.013,-2.514,5,43,,,0.009,-6.217,-2.485,8.74E-04,,,,,,,,,
426,1.167,0.017,-2.497,6,43,,,0.009,-6.217,-2.476,4.34E-04,,,,,,,,,
427,1.157,0.007,-2.489,7,43,,,0.009,-6.217,-2.467,4.90E-04,,,,,,,,,
428,1.167,0.017,-2.472,8,43,,,0.009,-6.217,-2.458,1.80E-04,,,,,,,,,
429,1.187,0.037,-2.434,9,43,,,0.009,-6.217,-2.450,2.34E-04,,,,,,,,,
430,1.18,0.030,-2.404,10,43,,,0.009,-6.217,-2.441,1.37E-03,,,,,,,,,
431,1.187,0.037,-2.366,1,44,0.009,-6.015,0.009,-6.015,-2.320,2.17E-03,,,,,,,,,
432,1.193,0.043,-2.323,2,44,,,0.009,-6.015,-2.311,1.35E-04,,,,,,,,,
433,1.187,0.037,-2.285,3,44,,,0.009,-6.015,-2.303,2.99E-04,,,,,,,,,
434,1.163,0.013,-2.272,4,44,,,0.009,-6.015,-2.294,4.94E-04,,,,,,,,,
435,1.153,0.003,-2.268,5,44,,,0.009,-6.015,-2.285,2.94E-04,,,,,,,,,
436,1.167,0.017,-2.251,6,44,,,0.009,-6.015,-2.277,6.79E-04,,,,,,,,,
437,1.16,0.010,-2.240,7,44,,,0.009,-6.015,-2.268,7.83E-04,,,,,,,,,
438,1.133,-0.017,-2.257,8,44,,,0.009,-6.015,-2.260,8.43E-06,,,,,,,,,
439,1.133,-0.017,-2.273,9,44,,,0.009,-6.015,-2.251,4.92E-04,,,,,,,,,
440,1.147,-0.003,-2.276,10,44,,,0.009,-6.015,-2.243,1.11E-03,,,,,,,,,
441,1.117,-0.033,-2.308,1,45,-0.003,-1.054,-0.003,-1.054,-2.308,2.78E-07,,,,,,,,,
442,1.133,-0.017,-2.325,2,45,,,-0.003,-1.054,-2.311,2.01E-04,,,,,,,,,
443,1.157,0.007,-2.317,3,45,,,-0.003,-1.054,-2.313,1.48E-05,,,,,,,,,
444,1.167,0.017,-2.300,4,45,,,-0.003,-1.054,-2.316,2.72E-04,,,,,,,,,
445,1.14,-0.010,-2.309,5,45,,,-0.003,-1.054,-2.319,9.66E-05,,,,,,,,,
446,1.133,-0.017,-2.326,6,45,,,-0.003,-1.054,-2.322,1.47E-05,,,,,,,,,
447,1.16,0.010,-2.315,7,45,,,-0.003,-1.054,-2.325,9.04E-05,,,,,,,,,
448,1.133,-0.017,-2.332,8,45,,,-0.003,-1.054,-2.328,1.72E-05,,,,,,,,,
449,1.143,-0.007,-2.338,9,45,,,-0.003,-1.054,-2.331,6.10E-05,,,,,,,,,
450,1.153,0.003,-2.335,10,45,,,-0.003,-1.054,-2.333,2.17E-06,,,,,,,,,
451,1.16,0.010,-2.324,1,46,-0.002,-1.651,-0.002,-1.651,-2.329,2.12E-05,,,,,,,,,
452,1.15,0.000,-2.324,2,46,,,-0.002,-1.651,-2.330,4.36E-05,,,,,,,,,
453,1.14,-0.010,-2.333,3,46,,,-0.002,-1.651,-2.332,1.96E-06,,,,,,,,,
454,1.133,-0.017,-2.350,4,46,,,-0.002,-1.651,-2.333,2.69E-04,,,,,,,,,
455,1.157,0.007,-2.342,5,46,,,-0.002,-1.651,-2.335,5.48E-05,,,,,,,,,
456,1.17,0.020,-2.322,6,46,,,-0.002,-1.651,-2.336,2.13E-04,,,,,,,,,
457,1.137,-0.013,-2.334,7,46,,,-0.002,-1.651,-2.338,1.30E-05,,,,,,,,,
458,1.14,-0.010,-2.344,8,46,,,-0.002,-1.651,-2.339,1.94E-05,,,,,,,,,
459,1.143,-0.007,-2.350,9,46,,,-0.002,-1.651,-2.341,8.84E-05,,,,,,,,,
460,1.167,0.017,-2.333,10,46,,,-0.002,-1.651,-2.342,9.22E-05,,,,,,,,,
461,1.167,0.017,-2.315,1,47,0.029,-15.646,0.029,-15.646,-2.319,1.49E-05,,,,,,,,,
462,1.163,0.013,-2.302,2,47,,,0.029,-15.646,-2.290,1.34E-04,,,,,,,,,
463,1.197,0.047,-2.254,3,47,,,0.029,-15.646,-2.261,4.94E-05,,,,,,,,,
464,1.187,0.037,-2.217,4,47,,,0.029,-15.646,-2.233,2.44E-04,,,,,,,,,
465,1.157,0.007,-2.209,5,47,,,0.029,-15.646,-2.204,3.36E-05,,,,,,,,,
466,1.17,0.020,-2.189,6,47,,,0.029,-15.646,-2.175,2.02E-04,,,,,,,,,
467,1.197,0.047,-2.141,7,47,,,0.029,-15.646,-2.146,1.92E-05,,,,,,,,,
468,1.167,0.017,-2.124,8,47,,,0.029,-15.646,-2.117,4.94E-05,,,,,,,,,
469,1.187,0.037,-2.086,9,47,,,0.029,-15.646,-2.088,2.43E-06,,,,,,,,,
470,1.183,0.033,-2.053,10,47,,,0.029,-15.646,-2.059,3.78E-05,,,,,,,,,
471,1.18,0.030,-2.022,1,48,0.040,-20.704,0.040,-20.704,-2.027,2.03E-05,,,,,,,,,
472,1.163,0.013,-2.009,2,48,,,0.040,-20.704,-1.987,4.69E-04,,,,,,,,,
473,1.193,0.043,-1.965,3,48,,,0.040,-20.704,-1.948,3.17E-04,,,,,,,,,
474,1.193,0.043,-1.922,4,48,,,0.040,-20.704,-1.908,1.95E-04,,,,,,,,,
475,1.227,0.077,-1.844,5,48,,,0.040,-20.704,-1.868,5.70E-04,,,,,,,,,
476,1.21,0.060,-1.784,6,48,,,0.040,-20.704,-1.829,2.00E-03,,,,,,,,,
477,1.16,0.010,-1.773,7,48,,,0.040,-20.704,-1.789,2.42E-04,,,,,,,,,
478,1.173,0.023,-1.750,8,48,,,0.040,-20.704,-1.749,3.53E-07,,,,,,,,,
479,1.187,0.037,-1.712,9,48,,,0.040,-20.704,-1.710,7.57E-06,,,,,,,,,
480,1.16,0.010,-1.702,10,48,,,0.040,-20.704,-1.670,1.02E-03,,,,,,,,,
481,1.153,0.003,-1.698,1,49,0.037,-19.391,0.037,-19.391,-1.697,2.86E-06,,,,,,,,,
482,1.167,0.017,-1.681,2,49,,,0.037,-19.391,-1.660,4.40E-04,,,,,,,,,
483,1.21,0.060,-1.620,3,49,,,0.037,-19.391,-1.623,7.44E-06,,,,,,,,,
484,1.19,0.040,-1.580,4,49,,,0.037,-19.391,-1.586,4.14E-05,,,,,,,,,
485,1.187,0.037,-1.542,5,49,,,0.037,-19.391,-1.550,5.11E-05,,,,,,,,,
486,1.187,0.037,-1.505,6,49,,,0.037,-19.391,-1.513,6.17E-05,,,,,,,,,
487,1.19,0.040,-1.465,7,49,,,0.037,-19.391,-1.476,1.34E-04,,,,,,,,,
488,1.187,0.037,-1.427,8,49,,,0.037,-19.391,-1.439,1.51E-04,,,,,,,,,
489,1.173,0.023,-1.404,9,49,,,0.037,-19.391,-1.402,1.04E-06,,,,,,,,,
490,1.163,0.013,-1.390,10,49,,,0.037,-19.391,-1.366,5.91E-04,,,,,,,,,
491,1.167,0.017,-1.373,1,50,0.017,-9.650,0.017,-9.650,-1.381,7.84E-05,,,,,,,,,
492,1.153,0.003,-1.369,2,50,,,0.017,-9.650,-1.365,2.02E-05,,,,,,,,,
493,1.173,0.023,-1.346,3,50,,,0.017,-9.650,-1.348,4.68E-06,,,,,,,,,
494,1.157,0.007,-1.338,4,50,,,0.017,-9.650,-1.331,5.16E-05,,,,,,,,,
495,1.173,0.023,-1.315,5,50,,,0.017,-9.650,-1.314,2.78E-07,,,,,,,,,
496,1.15,0.000,-1.314,6,50,,,0.017,-9.650,-1.297,2.85E-04,,,,,,,,,
497,1.197,0.047,-1.267,7,50,,,0.017,-9.650,-1.280,1.90E-04,,,,,,,,,
498,1.16,0.010,-1.256,8,50,,,0.017,-9.650,-1.263,5.53E-05,,,,,,,,,
499,1.157,0.007,-1.249,9,50,,,0.017,-9.650,-1.247,3.64E-06,,,,,,,,,
500,1.167,0.017,-1.231,10,50,,,0.017,-9.650,-1.230,1.57E-06,,,,,,,,,
501,1.163,0.013,-1.218,1,51,0.025,-13.670,0.025,-13.670,-1.233,2.52E-04,,,,,,,,,
502,1.163,0.013,-1.204,2,51,,,0.025,-13.670,-1.209,2.07E-05,,,,,,,,,
503,1.16,0.010,-1.194,3,51,,,0.025,-13.670,-1.184,9.57E-05,,,,,,,,,
504,1.173,0.023,-1.170,4,51,,,0.025,-13.670,-1.159,1.23E-04,,,,,,,,,
505,1.17,0.020,-1.150,5,51,,,0.025,-13.670,-1.134,2.38E-04,,,,,,,,,
506,1.197,0.047,-1.102,6,51,,,0.025,-13.670,-1.109,5.24E-05,,,,,,,,,
507,1.167,0.017,-1.085,7,51,,,0.025,-13.670,-1.084,8.26E-09,,,,,,,,,
508,1.183,0.033,-1.051,8,51,,,0.025,-13.670,-1.060,7.36E-05,,,,,,,,,
509,1.153,0.003,-1.048,9,51,,,0.025,-13.670,-1.035,1.62E-04,,,,,,,,,
510,1.2,0.050,-0.997,10,51,,,0.025,-13.670,-1.010,1.67E-04,,,,,,,,,
511,1.193,0.043,-0.954,1,52,0.018,-9.933,0.018,-9.933,-0.961,6.20E-05,,,,,,,,,
512,1.167,0.017,-0.936,2,52,,,0.018,-9.933,-0.944,6.10E-05,,,,,,,,,
513,1.163,0.013,-0.923,3,52,,,0.018,-9.933,-0.926,1.41E-05,,,,,,,,,
514,1.163,0.013,-0.909,4,52,,,0.018,-9.933,-0.909,9.55E-08,,,,,,,,,
515,1.157,0.007,-0.902,5,52,,,0.018,-9.933,-0.891,1.08E-04,,,,,,,,,
516,1.16,0.010,-0.891,6,52,,,0.018,-9.933,-0.874,3.04E-04,,,,,,,,,
517,1.167,0.017,-0.874,7,52,,,0.018,-9.933,-0.856,3.06E-04,,,,,,,,,
518,1.19,0.040,-0.833,8,52,,,0.018,-9.933,-0.839,2.97E-05,,,,,,,,,
519,1.167,0.017,-0.816,9,52,,,0.018,-9.933,-0.821,2.90E-05,,,,,,,,,
520,1.177,0.027,-0.788,10,52,,,0.018,-9.933,-0.803,2.35E-04,,,,,,,,,
521,1.16,0.010,-0.778,1,53,0.026,-14.432,0.026,-14.432,-0.795,3.05E-04,,,,,,,,,
522,1.157,0.007,-0.770,2,53,,,0.026,-14.432,-0.769,1.50E-06,,,,,,,,,
523,1.177,0.027,-0.743,3,53,,,0.026,-14.432,-0.743,9.40E-09,,,,,,,,,
524,1.163,0.013,-0.729,4,53,,,0.026,-14.432,-0.717,1.58E-04,,,,,,,,,
525,1.177,0.027,-0.702,5,53,,,0.026,-14.432,-0.690,1.27E-04,,,,,,,,,
526,1.183,0.033,-0.668,6,53,,,0.026,-14.432,-0.664,1.55E-05,,,,,,,,,
527,1.183,0.033,-0.635,7,53,,,0.026,-14.432,-0.638,1.14E-05,,,,,,,,,
528,1.163,0.013,-0.621,8,53,,,0.026,-14.432,-0.612,8.64E-05,,,,,,,,,
529,1.193,0.043,-0.578,9,53,,,0.026,-14.432,-0.586,6.44E-05,,,,,,,,,
530,1.177,0.027,-0.550,10,53,,,0.026,-14.432,-0.560,8.73E-05,,,,,,,,,
531,1.193,0.043,-0.507,1,54,0.018,-9.915,0.018,-9.915,-0.480,7.33E-04,,,,,,,,,
532,1.173,0.023,-0.483,2,54,,,0.018,-9.915,-0.462,4.56E-04,,,,,,,,,
533,1.177,0.027,-0.456,3,54,,,0.018,-9.915,-0.444,1.35E-04,,,,,,,,,
534,1.183,0.033,-0.422,4,54,,,0.018,-9.915,-0.426,1.69E-05,,,,,,,,,
535,1.207,0.057,-0.365,5,54,,,0.018,-9.915,-0.409,1.92E-03,,,,,,,,,
536,1.17,0.020,-0.344,6,54,,,0.018,-9.915,-0.391,2.17E-03,,,,,,,,,
537,1.15,0.000,-0.344,7,54,,,0.018,-9.915,-0.373,8.58E-04,,,,,,,,,
538,1.133,-0.017,-0.360,8,54,,,0.018,-9.915,-0.355,2.48E-05,,,,,,,,,
539,1.16,0.010,-0.350,9,54,,,0.018,-9.915,-0.337,1.50E-04,,,,,,,,,
540,1.133,-0.017,-0.366,10,54,,,0.018,-9.915,-0.320,2.16E-03,,,,,,,,,
541,1.14,-0.010,-0.376,1,55,0.019,-10.444,0.019,-10.444,-0.402,6.97E-04,,,,,,,,,
542,1.137,-0.013,-0.388,2,55,,,0.019,-10.444,-0.384,2.18E-05,,,,,,,,,
543,1.157,0.007,-0.381,3,55,,,0.019,-10.444,-0.365,2.48E-04,,,,,,,,,
544,1.16,0.010,-0.370,4,55,,,0.019,-10.444,-0.346,5.66E-04,,,,,,,,,
545,1.18,0.030,-0.340,5,55,,,0.019,-10.444,-0.328,1.41E-04,,,,,,,,,
546,1.193,0.043,-0.296,6,55,,,0.019,-10.444,-0.309,1.71E-04,,,,,,,,,
547,1.167,0.017,-0.279,7,55,,,0.019,-10.444,-0.291,1.44E-04,,,,,,,,,
548,1.17,0.020,-0.258,8,55,,,0.019,-10.444,-0.272,1.94E-04,,,,,,,,,
549,1.15,0.000,-0.258,9,55,,,0.019,-10.444,-0.254,1.71E-05,,,,,,,,,
550,1.167,0.017,-0.240,10,55,,,0.019,-10.444,-0.235,2.70E-05,,,,,,,,,
551,1.147,-0.003,-0.243,1,56,-0.017,8.994,-0.017,8.994,-0.220,5.37E-04,,,,,,,,,
552,1.143,-0.007,-0.249,2,56,,,-0.017,8.994,-0.236,1.68E-04,,,,,,,,,
553,1.153,0.003,-0.246,3,56,,,-0.017,8.994,-0.253,5.26E-05,,,,,,,,,
554,1.15,0.000,-0.245,4,56,,,-0.017,8.994,-0.270,5.99E-04,,,,,,,,,
555,1.13,-0.020,-0.265,5,56,,,-0.017,8.994,-0.286,4.70E-04,,,,,,,,,
556,1.117,-0.033,-0.297,6,56,,,-0.017,8.994,-0.303,3.49E-05,,,,,,,,,
557,1.127,-0.023,-0.320,7,56,,,-0.017,8.994,-0.320,1.62E-08,,,,,,,,,
558,1.13,-0.020,-0.339,8,56,,,-0.017,8.994,-0.337,7.05E-06,,,,,,,,,
559,1.123,-0.027,-0.366,9,56,,,-0.017,8.994,-0.353,1.55E-04,,,,,,,,,
560,1.137,-0.013,-0.378,10,56,,,-0.017,8.994,-0.370,6.75E-05,,,,,,,,,
561,1.117,-0.033,-0.411,1,57,0.025,-14.454,0.025,-14.454,-0.436,6.41E-04,,,,,,,,,
562,1.14,-0.010,-0.420,2,57,,,0.025,-14.454,-0.411,8.43E-05,,,,,,,,,
563,1.177,0.027,-0.393,3,57,,,0.025,-14.454,-0.386,4.45E-05,,,,,,,,,
564,1.143,-0.007,-0.399,4,57,,,0.025,-14.454,-0.361,1.46E-03,,,,,,,,,
565,1.2,0.050,-0.349,5,57,,,0.025,-14.454,-0.336,1.60E-04,,,,,,,,,
566,1.207,0.057,-0.291,6,57,,,0.025,-14.454,-0.311,3.94E-04,,,,,,,,,
567,1.177,0.027,-0.264,7,57,,,0.025,-14.454,-0.286,5.00E-04,,,,,,,,,
568,1.163,0.013,-0.250,8,57,,,0.025,-14.454,-0.261,1.18E-04,,,,,,,,,
569,1.18,0.030,-0.220,9,57,,,0.025,-14.454,-0.236,2.68E-04,,,,,,,,,
570,1.13,-0.020,-0.239,10,57,,,0.025,-14.454,-0.211,7.90E-04,,,,,,,,,
571,1.153,0.003,-0.236,1,58,0.017,-9.958,0.017,-9.958,-0.252,2.48E-04,,,,,,,,,
572,1.15,0.000,-0.235,2,58,,,0.017,-9.958,-0.235,5.47E-07,,,,,,,,,
573,1.16,0.010,-0.225,3,58,,,0.017,-9.958,-0.218,5.25E-05,,,,,,,,,
574,1.157,0.007,-0.217,4,58,,,0.017,-9.958,-0.201,2.80E-04,,,,,,,,,
575,1.163,0.013,-0.204,5,58,,,0.017,-9.958,-0.184,4.10E-04,,,,,,,,,
576,1.187,0.037,-0.166,6,58,,,0.017,-9.958,-0.167,6.17E-08,,,,,,,,,
577,1.193,0.043,-0.123,7,58,,,0.017,-9.958,-0.150,7.15E-04,,,,,,,,,
578,1.157,0.007,-0.115,8,58,,,0.017,-9.958,-0.133,2.97E-04,,,,,,,,,
579,1.15,0.000,-0.115,9,58,,,0.017,-9.958,-0.116,5.47E-07,,,,,,,,,
580,1.15,0.000,-0.114,10,58,,,0.017,-9.958,-0.099,2.48E-04,,,,,,,,,
581,1.123,-0.027,-0.141,1,59,0.021,-12.261,0.021,-12.261,-0.180,1.56E-03,,,,,,,,,
582,1.143,-0.007,-0.147,2,59,,,0.021,-12.261,-0.160,1.47E-04,,,,,,,,,
583,1.147,-0.003,-0.150,3,59,,,0.021,-12.261,-0.139,1.24E-04,,,,,,,,,
584,1.163,0.013,-0.136,4,59,,,0.021,-12.261,-0.118,3.41E-04,,,,,,,,,
585,1.163,0.013,-0.123,5,59,,,0.021,-12.261,-0.097,6.63E-04,,,,,,,,,
586,1.167,0.017,-0.105,6,59,,,0.021,-12.261,-0.076,8.44E-04,,,,,,,,,
587,1.177,0.027,-0.078,7,59,,,0.021,-12.261,-0.056,4.99E-04,,,,,,,,,
588,1.2,0.050,-0.027,8,59,,,0.021,-12.261,-0.035,5.41E-05,,,,,,,,,
589,1.197,0.047,0.020,9,59,,,0.021,-12.261,-0.014,1.16E-03,,,,,,,,,
590,1.15,0.000,0.021,10,59,,,0.021,-12.261,0.007,1.89E-04,,,,,,,,,
591,1.143,-0.007,0.014,1,60,0.003,-1.885,0.003,-1.885,0.012,2.62E-06,,,,,,,,,
592,1.147,-0.003,0.012,2,60,,,0.003,-1.885,0.016,1.68E-05,,,,,,,,,
593,1.15,0.000,0.012,3,60,,,0.003,-1.885,0.019,4.64E-05,,,,,,,,,
594,1.16,0.010,0.023,4,60,,,0.003,-1.885,0.022,2.23E-07,,,,,,,,,
595,1.157,0.007,0.030,5,60,,,0.003,-1.885,0.025,2.26E-05,,,,,,,,,
596,1.153,0.003,0.034,6,60,,,0.003,-1.885,0.029,2.54E-05,,,,,,,,,
597,1.15,0.000,0.034,7,60,,,0.003,-1.885,0.032,5.42E-06,,,,,,,,,
598,1.153,0.003,0.038,8,60,,,0.003,-1.885,0.035,6.82E-06,,,,,,,,,
599,1.157,0.007,0.045,9,60,,,0.003,-1.885,0.038,4.76E-05,,,,,,,,,
600,1.133,-0.017,0.029,10,60,,,0.003,-1.885,0.041,1.64E-04,,,,,,,,,
601,1.137,-0.013,0.016,1,61,-0.001,0.387,-0.001,0.387,0.012,1.98E-05,,,,,,,,,
602,1.15,0.000,0.017,2,61,,,-0.001,0.387,0.011,3.11E-05,,,,,,,,,
603,1.137,-0.013,0.004,3,61,,,-0.001,0.387,0.010,3.97E-05,,,,,,,,,
604,1.16,0.010,0.015,4,61,,,-0.001,0.387,0.010,2.32E-05,,,,,,,,,
605,1.137,-0.013,0.002,5,61,,,-0.001,0.387,0.009,4.99E-05,,,,,,,,,
606,1.15,0.000,0.003,6,61,,,-0.001,0.387,0.008,3.53E-05,,,,,,,,,
607,1.14,-0.010,-0.007,7,61,,,-0.001,0.387,0.008,2.20E-04,,,,,,,,,
608,1.177,0.027,0.021,8,61,,,-0.001,0.387,0.007,1.77E-04,,,,,,,,,
609,1.143,-0.007,0.014,9,61,,,-0.001,0.387,0.007,5.51E-05,,,,,,,,,
610,1.14,-0.010,0.004,10,61,,,-0.001,0.387,0.006,2.12E-06,,,,,,,,,
611,1.153,0.003,0.008,1,62,-0.011,6.976,-0.011,6.976,0.040,1.01E-03,,,,,,,,,
612,1.167,0.017,0.025,2,62,,,-0.011,6.976,0.028,8.82E-06,,,,,,,,,
613,1.173,0.023,0.049,3,62,,,-0.011,6.976,0.017,1.02E-03,,,,,,,,,
614,1.12,-0.030,0.019,4,62,,,-0.011,6.976,0.006,1.88E-04,,,,,,,,,
615,1.12,-0.030,-0.010,5,62,,,-0.011,6.976,-0.006,1.96E-05,,,,,,,,,
616,1.153,0.003,-0.007,6,62,,,-0.011,6.976,-0.017,1.09E-04,,,,,,,,,
617,1.127,-0.023,-0.029,7,62,,,-0.011,6.976,-0.028,5.29E-07,,,,,,,,,
618,1.133,-0.017,-0.046,8,62,,,-0.011,6.976,-0.040,3.46E-05,,,,,,,,,
619,1.143,-0.007,-0.052,9,62,,,-0.011,6.976,-0.051,1.06E-06,,,,,,,,,
620,1.13,-0.020,-0.072,10,62,,,-0.011,6.976,-0.062,8.43E-05,,,,,,,,,
621,1.15,0.000,-0.071,1,63,-0.010,5.948,-0.010,5.948,-0.067,1.78E-05,,,,,,,,,
622,1.14,-0.010,-0.081,2,63,,,-0.010,5.948,-0.077,1.63E-05,,,,,,,,,
623,1.143,-0.007,-0.087,3,63,,,-0.010,5.948,-0.086,7.30E-07,,,,,,,,,
624,1.14,-0.010,-0.097,4,63,,,-0.010,5.948,-0.096,4.53E-07,,,,,,,,,
625,1.133,-0.017,-0.113,5,63,,,-0.010,5.948,-0.106,5.61E-05,,,,,,,,,
626,1.16,0.010,-0.103,6,63,,,-0.010,5.948,-0.115,1.61E-04,,,,,,,,,
627,1.14,-0.010,-0.112,7,63,,,-0.010,5.948,-0.125,1.66E-04,,,,,,,,,
628,1.143,-0.007,-0.119,8,63,,,-0.010,5.948,-0.135,2.58E-04,,,,,,,,,
629,1.12,-0.030,-0.148,9,63,,,-0.010,5.948,-0.144,1.42E-05,,,,,,,,,
630,1.123,-0.027,-0.175,10,63,,,-0.010,5.948,-0.154,4.24E-04,,,,,,,,,
631,1.133,-0.017,-0.191,1,64,0.015,-9.402,0.015,-9.402,-0.198,4.77E-05,,,,,,,,,
632,1.153,0.003,-0.188,2,64,,,0.015,-9.402,-0.183,1.75E-05,,,,,,,,,
633,1.167,0.017,-0.170,3,64,,,0.015,-9.402,-0.169,1.62E-06,,,,,,,,,
634,1.147,-0.003,-0.173,4,64,,,0.015,-9.402,-0.154,3.37E-04,,,,,,,,,
635,1.167,0.017,-0.155,5,64,,,0.015,-9.402,-0.140,2.39E-04,,,,,,,,,
636,1.193,0.043,-0.112,6,64,,,0.015,-9.402,-0.125,1.81E-04,,,,,,,,,
637,1.187,0.037,-0.074,7,64,,,0.015,-9.402,-0.110,1.32E-03,,,,,,,,,
638,1.133,-0.017,-0.091,8,64,,,0.015,-9.402,-0.096,2.78E-05,,,,,,,,,
639,1.153,0.003,-0.087,9,64,,,0.015,-9.402,-0.081,3.39E-05,,,,,,,,,
640,1.153,0.003,-0.084,10,64,,,0.015,-9.402,-0.067,2.86E-04,,,,,,,,,
641,1.127,-0.023,-0.106,1,65,-0.005,3.188,-0.005,3.188,-0.130,5.70E-04,,,,,,,,,
642,1.137,-0.013,-0.119,2,65,,,-0.005,3.188,-0.135,2.74E-04,,,,,,,,,
643,1.127,-0.023,-0.141,3,65,,,-0.005,3.188,-0.140,6.11E-07,,,,,,,,,
644,1.127,-0.023,-0.164,4,65,,,-0.005,3.188,-0.146,3.28E-04,,,,,,,,,
645,1.13,-0.020,-0.183,5,65,,,-0.005,3.188,-0.151,1.05E-03,,,,,,,,,
646,1.147,-0.003,-0.186,6,65,,,-0.005,3.188,-0.156,8.86E-04,,,,,,,,,
647,1.177,0.027,-0.158,7,65,,,-0.005,3.188,-0.161,8.46E-06,,,,,,,,,
648,1.157,0.007,-0.151,8,65,,,-0.005,3.188,-0.166,2.43E-04,,,,,,,,,
649,1.137,-0.013,-0.163,9,65,,,-0.005,3.188,-0.171,6.81E-05,,,,,,,,,
650,1.15,0.000,-0.163,10,65,,,-0.005,3.188,-0.177,1.94E-04,,,,,,,,,
651,1.173,0.023,-0.139,1,66,-0.017,10.736,-0.017,10.736,-0.147,5.69E-05,,,,,,,,,
652,1.133,-0.017,-0.156,2,66,,,-0.017,10.736,-0.163,6.02E-05,,,,,,,,,
653,1.133,-0.017,-0.172,3,66,,,-0.017,10.736,-0.180,6.35E-05,,,,,,,,,
654,1.123,-0.027,-0.199,4,66,,,-0.017,10.736,-0.197,3.31E-06,,,,,,,,,
655,1.12,-0.030,-0.228,5,66,,,-0.017,10.736,-0.214,2.13E-04,,,,,,,,,
656,1.137,-0.013,-0.241,6,66,,,-0.017,10.736,-0.230,1.08E-04,,,,,,,,,
657,1.127,-0.023,-0.263,7,66,,,-0.017,10.736,-0.247,2.62E-04,,,,,,,,,
658,1.137,-0.013,-0.276,8,66,,,-0.017,10.736,-0.264,1.43E-04,,,,,,,,,
659,1.157,0.007,-0.268,9,66,,,-0.017,10.736,-0.280,1.50E-04,,,,,,,,,
660,1.14,-0.010,-0.278,10,66,,,-0.017,10.736,-0.297,3.78E-04,,,,,,,,,
661,1.147,-0.003,-0.280,1,67,0.020,-13.651,0.020,-13.651,-0.324,1.92E-03,,,,,,,,,
662,1.127,-0.023,-0.303,2,67,,,0.020,-13.651,-0.304,1.28E-06,,,,,,,,,
663,1.153,0.003,-0.299,3,67,,,0.020,-13.651,-0.284,2.41E-04,,,,,,,,,
664,1.163,0.013,-0.286,4,67,,,0.020,-13.651,-0.264,4.93E-04,,,,,,,,,
665,1.15,0.000,-0.285,5,67,,,0.020,-13.651,-0.243,1.75E-03,,,,,,,,,
666,1.187,0.037,-0.248,6,67,,,0.020,-13.651,-0.223,6.02E-04,,,,,,,,,
667,1.233,0.083,-0.164,7,67,,,0.020,-13.651,-0.203,1.51E-03,,,,,,,,,
668,1.143,-0.007,-0.171,8,67,,,0.020,-13.651,-0.183,1.47E-04,,,,,,,,,
669,1.163,0.013,-0.157,9,67,,,0.020,-13.651,-0.163,2.99E-05,,,,,,,,,
670,1.167,0.017,-0.140,10,67,,,0.020,-13.651,-0.143,7.84E-06,,,,,,,,,
671,1.147,-0.003,-0.142,1,68,0.018,-11.986,0.018,-11.986,-0.178,1.25E-03,,,,,,,,,
672,1.147,-0.003,-0.145,2,68,,,0.018,-11.986,-0.160,2.33E-04,,,,,,,,,
673,1.137,-0.013,-0.157,3,68,,,0.018,-11.986,-0.142,2.20E-04,,,,,,,,,
674,1.163,0.013,-0.144,4,68,,,0.018,-11.986,-0.125,3.59E-04,,,,,,,,,
675,1.163,0.013,-0.130,5,68,,,0.018,-11.986,-0.107,5.31E-04,,,,,,,,,
676,1.177,0.027,-0.103,6,68,,,0.018,-11.986,-0.090,1.73E-04,,,,,,,,,
677,1.153,0.003,-0.099,7,68,,,0.018,-11.986,-0.072,7.43E-04,,,,,,,,,
678,1.2,0.050,-0.049,8,68,,,0.018,-11.986,-0.054,3.18E-05,,,,,,,,,
679,1.177,0.027,-0.021,9,68,,,0.018,-11.986,-0.037,2.41E-04,,,,,,,,,
680,1.177,0.027,0.006,10,68,,,0.018,-11.986,-0.019,6.47E-04,,,,,,,,,
681,1.143,-0.007,0.000,1,69,0.005,-3.258,0.005,-3.258,-0.015,2.07E-04,,,,,,,,,
682,1.15,0.000,0.000,2,69,,,0.005,-3.258,-0.010,1.03E-04,,,,,,,,,
683,1.143,-0.007,-0.006,3,69,,,0.005,-3.258,-0.005,1.28E-06,,,,,,,,,
684,1.143,-0.007,-0.013,4,69,,,0.005,-3.258,0.000,1.54E-04,,,,,,,,,
685,1.153,0.003,-0.009,5,69,,,0.005,-3.258,0.004,1.87E-04,,,,,,,,,
686,1.16,0.010,0.001,6,69,,,0.005,-3.258,0.009,6.29E-05,,,,,,,,,
687,1.16,0.010,0.012,7,69,,,0.005,-3.258,0.014,4.84E-06,,,,,,,,,
688,1.143,-0.007,0.005,8,69,,,0.005,-3.258,0.019,1.81E-04,,,,,,,,,
689,1.173,0.023,0.029,9,69,,,0.005,-3.258,0.023,2.77E-05,,,,,,,,,
690,1.17,0.020,0.049,10,69,,,0.005,-3.258,0.028,4.41E-04,,,,,,,,,
691,1.16,0.010,0.060,1,70,-0.007,4.979,-0.007,4.979,0.087,7.23E-04,,,,,,,,,
692,1.153,0.003,0.063,2,70,,,-0.007,4.979,0.079,2.66E-04,,,,,,,,,
693,1.163,0.013,0.077,3,70,,,-0.007,4.979,0.072,1.82E-05,,,,,,,,,
694,1.157,0.007,0.084,4,70,,,-0.007,4.979,0.065,3.55E-04,,,,,,,,,
695,1.137,-0.013,0.072,5,70,,,-0.007,4.979,0.058,1.80E-04,,,,,,,,,
696,1.143,-0.007,0.065,6,70,,,-0.007,4.979,0.051,1.96E-04,,,,,,,,,
697,1.16,0.010,0.076,7,70,,,-0.007,4.979,0.044,9.96E-04,,,,,,,,,
698,1.12,-0.030,0.046,8,70,,,-0.007,4.979,0.037,8.35E-05,,,,,,,,,
699,1.127,-0.023,0.024,9,70,,,-0.007,4.979,0.030,3.95E-05,,,,,,,,,
700,1.107,-0.043,-0.019,10,70,,,-0.007,4.979,0.023,1.74E-03,,,,,,,,,
701,1.14,-0.010,-0.028,1,71,-0.010,6.879,-0.010,6.879,-0.043,2.08E-04,,,,,,,,,
702,1.127,-0.023,-0.051,2,71,,,-0.010,6.879,-0.053,3.26E-06,,,,,,,,,
703,1.14,-0.010,-0.060,3,71,,,-0.010,6.879,-0.063,4.73E-06,,,,,,,,,
704,1.14,-0.010,-0.070,4,71,,,-0.010,6.879,-0.072,6.48E-06,,,,,,,,,
705,1.147,-0.003,-0.072,5,71,,,-0.010,6.879,-0.082,9.83E-05,,,,,,,,,
706,1.103,-0.047,-0.119,6,71,,,-0.010,6.879,-0.092,7.14E-04,,,,,,,,,
707,1.13,-0.020,-0.138,7,71,,,-0.010,6.879,-0.102,1.32E-03,,,,,,,,,
708,1.163,0.013,-0.125,8,71,,,-0.010,6.879,-0.112,1.68E-04,,,,,,,,,
709,1.17,0.020,-0.104,9,71,,,-0.010,6.879,-0.122,3.03E-04,,,,,,,,,
710,1.15,0.000,-0.104,10,71,,,-0.010,6.879,-0.132,7.71E-04,,,,,,,,,
711,1.133,-0.017,-0.120,1,72,0.017,-12.489,0.017,-12.489,-0.127,4.50E-05,,,,,,,,,
712,1.137,-0.013,-0.133,2,72,,,0.017,-12.489,-0.110,5.37E-04,,,,,,,,,
713,1.177,0.027,-0.105,3,72,,,0.017,-12.489,-0.092,1.71E-04,,,,,,,,,
714,1.213,0.063,-0.042,4,72,,,0.017,-12.489,-0.075,1.09E-03,,,,,,,,,
715,1.157,0.007,-0.034,5,72,,,0.017,-12.489,-0.058,5.36E-04,,,,,,,,,
716,1.137,-0.013,-0.047,6,72,,,0.017,-12.489,-0.040,4.55E-05,,,,,,,,,
717,1.16,0.010,-0.036,7,72,,,0.017,-12.489,-0.023,1.86E-04,,,,,,,,,
718,1.163,0.013,-0.023,8,72,,,0.017,-12.489,-0.005,3.07E-04,,,,,,,,,
719,1.19,0.040,0.018,9,72,,,0.017,-12.489,0.012,3.12E-05,,,,,,,,,
720,1.167,0.017,0.035,10,72,,,0.017,-12.489,0.029,3.24E-05,,,,,,,,,
721,1.19,0.040,0.076,1,73,-0.011,7.714,-0.011,7.714,0.101,6.42E-04,,,,,,,,,
722,1.173,0.023,0.099,2,73,,,-0.011,7.714,0.090,7.58E-05,,,,,,,,,
723,1.137,-0.013,0.087,3,73,,,-0.011,7.714,0.080,4.57E-05,,,,,,,,,
724,1.137,-0.013,0.074,4,73,,,-0.011,7.714,0.069,2.32E-05,,,,,,,,,
725,1.14,-0.010,0.065,5,73,,,-0.011,7.714,0.059,3.45E-05,,,,,,,,,
726,1.147,-0.003,0.062,6,73,,,-0.011,7.714,0.048,1.94E-04,,,,,,,,,
727,1.13,-0.020,0.043,7,73,,,-0.011,7.714,0.038,2.48E-05,,,,,,,,,
728,1.13,-0.020,0.023,8,73,,,-0.011,7.714,0.027,1.57E-05,,,,,,,,,
729,1.133,-0.017,0.007,9,73,,,-0.011,7.714,0.016,9.82E-05,,,,,,,,,
730,1.143,-0.007,0.000,10,73,,,-0.011,7.714,0.006,3.43E-05,,,,,,,,,